,0
2016-01-04,109.5
2016-01-05,109.31
2016-01-06,108.26
2016-01-07,104.88
2016-01-08,104.01
2016-01-11,104.33
2016-01-12,105.55
2016-01-13,101.9
2016-01-14,104.08
2016-01-15,100.86
2016-01-19,101.06
2016-01-20,100.75
2016-01-21,100.85
2016-01-22,103.77
2016-01-25,102.25
2016-01-26,103.15
2016-01-27,100.58
2016-01-28,102.0
2016-01-29,104.12
2016-02-01,104.41
2016-02-02,102.18
2016-02-03,101.65
2016-02-04,101.66
2016-02-05,98.13
2016-02-08,96.62
2016-02-09,96.32
2016-02-10,96.69
2016-02-11,96.55
2016-02-12,98.02
2016-02-16,100.14
2016-02-17,102.48
2016-02-18,101.36
2016-02-19,101.63
2016-02-22,103.26
2016-02-23,101.6
2016-02-24,102.54
2016-02-25,103.56
2016-02-26,103.43
2016-02-29,102.54
2016-03-01,105.79
2016-03-02,105.83
2016-03-03,105.63
2016-03-04,105.67
2016-03-07,105.06
2016-03-08,104.15
2016-03-09,104.82
2016-03-10,104.66
2016-03-11,106.49
2016-03-14,106.67
2016-03-15,106.62
2016-03-16,107.58
2016-03-17,107.52
2016-03-18,107.38
2016-03-21,107.78
2016-03-22,108.12
2016-03-23,107.23
2016-03-24,107.26
2016-03-28,107.11
2016-03-29,108.83
2016-03-30,109.36
2016-03-31,109.18
2016-04-01,110.36
2016-04-04,109.89
2016-04-05,108.9
2016-04-06,110.67
2016-04-07,109.04
2016-04-08,108.99
2016-04-11,108.61
2016-04-12,109.51
2016-04-13,110.92
2016-04-14,110.92
2016-04-15,110.63
2016-04-19,110.52
2016-04-20,110.62
2016-04-21,110.65
2016-04-22,108.98
2016-04-25,108.98
2016-04-26,108.45
2016-04-27,107.58
2016-04-28,106.28
2016-04-29,105.72
2016-05-02,106.72
2016-05-03,105.74
2016-05-04,105.06
2016-05-05,105.05
2016-05-06,105.59
2016-05-09,105.88
2016-05-10,107.33
2016-05-11,106.36
2016-05-12,105.89
2016-05-13,105.5
2016-05-16,106.82
2016-05-17,105.48
2016-05-18,105.86
2016-05-19,105.31
2016-05-20,106.47
2016-05-23,106.33
2016-05-24,108.46
2016-05-25,109.24
2016-05-26,109.56
2016-05-27,110.13
2016-05-31,110.34
2016-06-01,110.35
2016-06-02,110.58
2016-06-03,110.06
2016-06-06,110.46
2016-06-07,110.18
2016-06-08,110.37
2016-06-09,110.19
2016-06-10,108.94
2016-06-13,108.03
2016-06-14,108.03
2016-06-15,107.72
2016-06-16,108.03
2016-06-17,106.49
2016-06-20,107.16
2016-06-21,107.5
2016-06-22,107.24
2016-06-23,108.77
2016-06-24,104.3
2016-06-27,102.22
2016-06-28,104.46
2016-06-29,106.31
2016-06-30,107.54
2016-07-01,108.08
2016-07-05,107.42
2016-07-06,108.3
2016-07-07,108.62
2016-07-08,110.3
2016-07-11,110.93
2016-07-12,111.49
2016-07-13,111.23
2016-07-14,111.98
2016-07-15,111.8
2016-07-18,112.54
2016-07-19,112.13
2016-07-20,113.43
2016-07-21,113.18
2016-07-22,113.65
2016-07-25,113.66
2016-07-26,113.79
2016-07-27,114.58
2016-07-28,114.98
2016-07-29,115.23
2016-08-01,115.84
2016-08-02,114.96
2016-08-03,115.34
2016-08-04,115.67
2016-08-05,116.78
2016-08-08,116.65
2016-08-09,116.92
2016-08-10,116.62
2016-08-11,117.12
2016-08-12,117.21
2016-08-15,117.7
2016-08-16,117.05
2016-08-17,117.26
2016-08-18,117.29
2016-08-19,117.26
2016-08-22,117.35
2016-08-23,117.56
2016-08-24,116.8
2016-08-25,116.61
2016-08-26,116.77
2016-08-29,116.94
2016-08-30,116.56
2016-08-31,116.43
2016-09-01,116.74
2016-09-02,117.12
2016-09-06,117.85
2016-09-07,117.92
2016-09-08,117.24
2016-09-09,114.28
2016-09-12,116.32
2016-09-13,115.29
2016-09-14,115.84
2016-09-15,117.64
2016-09-16,117.27
2016-09-19,116.78
2016-09-20,117.0
2016-09-21,118.15
2016-09-22,119.09
2016-09-23,118.33
2016-09-26,117.32
2016-09-27,118.5
2016-09-28,118.7
2016-09-29,117.85
2016-09-30,118.69
2016-10-03,118.55
2016-10-04,118.37
2016-10-05,118.79
2016-10-06,118.73
2016-10-07,118.45
2016-10-10,119.22
2016-10-11,117.53
2016-10-12,117.42
2016-10-13,117.0
2016-10-14,117.14
2016-10-17,116.82
2016-10-18,117.85
2016-10-19,117.85
2016-10-20,117.71
2016-10-21,118.15
2016-10-24,119.57
2016-10-25,119.19
2016-10-26,118.38
2016-10-27,117.84
2016-10-28,117.1
2016-10-31,116.99
2016-11-01,116.11
2016-11-02,115.18
2016-11-03,114.05
2016-11-04,113.63
2016-11-07,116.35
2016-11-08,117.11
2016-11-09,117.64
2016-11-10,115.75
2016-11-11,115.79
2016-11-14,114.63
2016-11-15,116.26
2016-11-16,116.89
2016-11-17,117.76
2016-11-18,117.33
2016-11-21,118.54
2016-11-22,118.9
2016-11-23,118.41
2016-11-25,118.8
2016-11-28,118.54
2016-11-29,118.95
2016-11-30,117.46
2016-12-01,115.47
2016-12-02,115.7
2016-12-05,116.6
2016-12-06,116.87
2016-12-07,118.36
2016-12-08,118.59
2016-12-09,119.5
2016-12-12,118.96
2016-12-13,120.46
2016-12-14,120.21
2016-12-15,120.41
2016-12-16,119.62
2016-12-19,120.09
2016-12-20,120.56
2016-12-21,120.46
2016-12-22,120.12
2016-12-23,120.2
2016-12-27,120.82
2016-12-28,119.88
2016-12-29,119.71
2016-12-30,118.51
2017-01-03,119.54
2017-01-04,120.19
2017-01-05,120.87
2017-01-06,121.93
2017-01-09,122.33
2017-01-10,122.6
2017-01-11,122.93
2017-01-12,122.74
2017-01-13,123.16
2017-01-17,122.79
2017-01-18,123.04
2017-01-19,122.98
2017-01-20,123.25
2017-01-23,123.35
2017-01-24,124.19
2017-01-25,125.43
2017-01-26,125.56
2017-01-27,125.8
2017-01-30,124.82
2017-01-31,124.59
2017-02-01,125.43
2017-02-02,125.32
2017-02-03,125.68
2017-02-06,125.83
2017-02-07,126.29
2017-02-08,126.5
2017-02-09,126.96
2017-02-10,127.38
2017-02-13,128.1
2017-02-14,128.53
2017-02-15,129.29
2017-02-16,129.25
2017-02-17,129.81
2017-02-21,130.45
2017-02-22,130.5
2017-02-23,130.01
2017-02-24,130.26
2017-02-27,130.42
2017-02-28,130.02
2017-03-01,131.44
2017-03-02,130.78
2017-03-03,131.02
2017-03-06,130.73
2017-03-07,130.51
2017-03-08,130.74
2017-03-09,130.84
2017-03-10,131.38
2017-03-13,131.61
2017-03-14,131.29
2017-03-15,132.1
2017-03-16,132.01
2017-03-17,131.63
2017-03-20,131.79
2017-03-21,129.84
2017-03-22,130.69
2017-03-23,130.37
2017-03-24,130.63
2017-03-27,130.84
2017-03-28,131.64
2017-03-29,132.25
2017-03-30,132.47
2017-03-31,132.37
2017-04-03,132.3
2017-04-04,132.51
2017-04-05,131.97
2017-04-06,132.04
2017-04-07,131.97
2017-04-10,132.02
2017-04-11,131.45
2017-04-12,130.92
2017-04-13,130.4
2017-04-17,131.48
2017-04-18,131.28
2017-04-19,131.49
2017-04-20,132.59
2017-04-21,132.56
2017-04-24,134.16
2017-04-25,135.13
2017-04-26,134.95
2017-04-27,135.75
2017-04-28,135.99
2017-05-01,137.16
2017-05-02,137.43
2017-05-03,136.99
2017-05-04,137.04
2017-05-05,137.54
2017-05-08,137.84
2017-05-09,138.32
2017-05-10,138.4
2017-05-11,138.29
2017-05-12,138.6
2017-05-15,139.04
2017-05-16,139.62
2017-05-17,136.07
2017-05-18,137.26
2017-05-19,137.82
2017-05-22,139.0
2017-05-23,139.14
2017-05-24,139.78
2017-05-25,140.94
2017-05-26,141.22
2017-05-30,141.34
2017-05-31,141.29
2017-06-01,141.84
2017-06-02,143.46
2017-06-05,143.43
2017-06-06,142.86
2017-06-07,143.42
2017-06-08,143.57
2017-06-09,140.03
2017-06-12,139.23
2017-06-13,140.35
2017-06-14,139.75
2017-06-15,139.12
2017-06-16,138.15
2017-06-19,140.44
2017-06-20,139.36
2017-06-21,140.74
2017-06-22,140.68
2017-06-23,141.24
2017-06-26,140.58
2017-06-27,138.03
2017-06-28,140.0
2017-06-29,137.59
2017-06-30,137.5
2017-07-03,136.19
2017-07-05,137.53
2017-07-06,136.29
2017-07-07,137.76
2017-07-10,138.66
2017-07-11,139.03
2017-07-12,140.7
2017-07-13,141.01
2017-07-14,142.12
2017-07-17,142.19
2017-07-18,143.14
2017-07-19,143.98
2017-07-20,144.17
2017-07-21,144.11
2017-07-24,144.77
2017-07-25,144.4
2017-07-26,144.87
2017-07-27,143.96
2017-07-28,143.84
2017-07-31,143.21
2017-08-01,143.56
2017-08-02,143.95
2017-08-03,143.41
2017-08-04,143.65
2017-08-07,144.56
2017-08-08,144.31
2017-08-09,144.13
2017-08-10,141.03
2017-08-11,142.1
2017-08-14,143.94
2017-08-15,144.03
2017-08-16,144.27
2017-08-17,141.33
2017-08-18,141.23
2017-08-21,141.08
2017-08-22,143.19
2017-08-23,142.7
2017-08-24,142.27
2017-08-25,141.97
2017-08-28,142.41
2017-08-29,142.97
2017-08-30,144.65
2017-08-31,146.2
2017-09-01,146.0
2017-09-05,144.68
2017-09-06,145.13
2017-09-07,145.47
2017-09-08,144.21
2017-09-11,145.8
2017-09-12,146.21
2017-09-13,146.4
2017-09-14,145.57
2017-09-15,145.99
2017-09-18,145.55
2017-09-19,145.8
2017-09-20,145.35
2017-09-21,144.46
2017-09-22,144.33
2017-09-25,142.82
2017-09-26,143.17
2017-09-28,144.41
2017-09-29,145.46
2017-10-02,145.58
2017-10-03,145.9
2017-10-04,146.03
2017-10-05,147.46
2017-10-06,147.66
2017-10-09,147.49
2017-10-10,147.6
2017-10-11,148.04
2017-10-12,147.77
2017-10-13,148.34
2017-10-16,148.85
2017-10-17,149.04
2017-10-18,148.86
2017-10-19,148.31
2017-10-20,148.71
2017-10-23,147.74
2017-10-24,147.99
2017-10-25,147.43
2017-10-26,146.97
2017-10-27,151.21
2017-10-30,151.58
2017-10-31,152.15
2017-11-01,152.08
2017-11-02,151.81
2017-11-03,153.27
2017-11-06,153.79
2017-11-07,153.88
2017-11-08,154.51
2017-11-09,153.69
2017-11-10,153.68
2017-11-13,153.87
2017-11-14,153.31
2017-11-15,152.59
2017-11-16,154.54
2017-11-17,153.95
2017-11-20,153.83
2017-11-21,155.5
2017-11-22,155.69
2017-11-24,156.26
2017-11-27,156.19
2017-11-28,156.59
2017-11-29,153.89
2017-11-30,155.16
2017-12-01,154.49
2017-12-04,152.71
2017-12-05,152.8
2017-12-06,153.5
2017-12-07,154.02
2017-12-08,154.7
2017-12-11,155.9
2017-12-12,155.69
2017-12-13,155.99
2017-12-14,155.88
2017-12-15,157.59
2017-12-18,158.64
2017-12-19,157.73
2017-12-20,157.53
2017-12-21,157.55
2017-12-22,157.37
2017-12-26,156.53
2017-12-27,156.54
2017-12-28,156.72
2017-12-29,155.78
2018-01-02,158.45
2018-01-03,160.03
2018-01-04,160.29
2018-01-05,161.92
2018-01-08,162.55
2018-01-09,162.56
2018-01-10,162.18
2018-01-11,163.3
2018-01-12,164.46
2018-01-16,164.02
2018-01-17,165.79
2018-01-18,165.82
2018-01-19,166.34
2018-01-22,168.12
2018-01-23,169.51
2018-01-24,168.41
2018-01-25,168.35
2018-01-26,170.93
2018-01-29,170.1
2018-01-30,168.7
2018-01-31,169.4
2018-02-01,167.96
2018-02-02,164.61
2018-02-05,158.12
2018-02-06,162.3
2018-02-07,160.22
2018-02-08,153.45
2018-02-09,156.09
2018-02-12,158.88
2018-02-13,159.63
2018-02-14,162.68
2018-02-15,165.7
2018-02-16,164.96
2018-02-20,165.23
2018-02-21,164.73
2018-02-22,164.8
2018-02-23,168.17
2018-02-26,170.4
2018-02-27,168.29
2018-02-28,167.21
2018-03-01,164.48
2018-03-02,165.99
2018-03-05,167.77
2018-03-06,168.54
2018-03-07,168.9
2018-03-08,169.86
2018-03-09,173.16
2018-03-12,174.08
2018-03-13,171.85
2018-03-14,171.68
2018-03-15,171.53
2018-03-16,171.02
2018-03-19,167.1
2018-03-20,167.65
2018-03-21,166.93
2018-03-22,162.74
2018-03-23,158.46
2018-03-26,164.4
2018-03-27,159.08
2018-03-28,157.26
2018-03-29,160.13
2018-04-02,155.53
2018-04-03,157.2
2018-04-04,159.74
2018-04-05,160.6
2018-04-06,156.63
2018-04-09,157.73
2018-04-10,161.1
2018-04-11,160.29
2018-04-12,162.21
2018-04-13,161.37
2018-04-16,162.6
2018-04-17,166.1
2018-04-18,166.44
2018-04-19,164.91
2018-04-20,162.3
2018-04-23,161.89
2018-04-24,158.46
2018-04-25,158.65
2018-04-26,161.99
2018-04-27,162.1
2018-04-30,160.89
2018-05-01,162.7
2018-05-02,161.82
2018-05-03,161.8
2018-05-04,164.87
2018-05-07,166.18
2018-05-08,166.01
2018-05-09,167.89
2018-05-10,169.61
2018-05-11,169.46
2018-05-14,169.75
2018-05-15,167.89
2018-05-16,168.98
2018-05-17,168.33
2018-05-18,167.46
2018-05-21,168.42
2018-05-22,168.18
2018-05-23,169.61
2018-05-24,169.53
2018-05-25,169.72
2018-05-29,168.97
2018-05-30,170.17
2018-05-31,170.07
2018-06-01,172.75
2018-06-04,174.23
2018-06-05,174.84
2018-06-06,175.86
2018-06-07,174.49
2018-06-08,174.4
2018-06-11,174.91
2018-06-12,175.83
2018-06-13,175.82
2018-06-14,177.61
2018-06-15,177.01
2018-06-18,176.5
2018-06-19,176.01
2018-06-20,177.25
2018-06-21,175.71
2018-06-22,175.13
2018-06-25,171.34
2018-06-26,172.05
2018-06-27,169.66
2018-06-28,171.2
2018-06-29,171.45
2018-07-02,172.84
2018-07-03,170.8
2018-07-05,172.91
2018-07-06,175.5
2018-07-09,177.19
2018-07-10,177.32
2018-07-11,176.38
2018-07-12,179.4
2018-07-13,179.59
2018-07-16,179.11
2018-07-17,180.32
2018-07-18,179.93
2018-07-19,179.02
2018-07-20,178.97
2018-07-23,179.49
2018-07-24,180.27
2018-07-25,182.83
2018-07-26,180.14
2018-07-27,177.62
2018-07-30,175.11
2018-07-31,176.14
2018-08-01,177.07
2018-08-02,179.5
2018-08-03,180.04
2018-08-06,181.16
2018-08-07,181.75
2018-08-08,181.91
2018-08-09,181.89
2018-08-10,180.51
2018-08-13,180.33
2018-08-14,181.46
2018-08-15,179.24
2018-08-16,179.79
2018-08-17,179.87
2018-08-20,179.7
2018-08-21,180.4
2018-08-22,181.05
2018-08-23,180.76
2018-08-24,182.5
2018-08-27,184.28
2018-08-28,184.56
2018-08-29,186.77
2018-08-30,186.36
2018-08-31,186.59
2018-09-04,185.87
2018-09-05,183.44
2018-09-06,181.8
2018-09-07,181.28
2018-09-10,181.73
2018-09-11,183.12
2018-09-12,182.6
2018-09-13,184.4
2018-09-14,184.0
2018-09-17,181.34
2018-09-18,182.87
2018-09-19,182.72
2018-09-20,184.67
2018-09-21,183.66
2018-09-24,183.87
2018-09-25,184.14
2018-09-26,184.19
2018-09-27,185.83
2018-09-28,185.76
2018-10-01,186.16
2018-10-02,185.7
2018-10-03,185.93
2018-10-04,182.35
2018-10-05,180.13
2018-10-08,179.1
2018-10-09,179.57
2018-10-10,171.73
2018-10-11,169.62
2018-10-12,174.35
2018-10-15,172.15
2018-10-16,177.23
2018-10-17,177.26
2018-10-18,173.25
2018-10-19,173.01
2018-10-22,173.94
2018-10-23,173.44
2018-10-24,165.17
2018-10-25,171.07
2018-10-26,166.75
2018-10-29,163.68
2018-10-30,165.92
2018-10-31,169.71
2018-11-01,172.17
2018-11-02,169.42
2018-11-05,168.9
2018-11-06,170.26
2018-11-07,175.5
2018-11-08,174.48
2018-11-09,171.54
2018-11-12,166.45
2018-11-13,166.51
2018-11-14,165.08
2018-11-15,168.11
2018-11-16,167.56
2018-11-19,162.03
2018-11-20,159.22
2018-11-21,160.41
2018-11-23,159.21
2018-11-26,162.91
2018-11-27,163.47
2018-11-28,168.68
2018-11-29,168.16
2018-11-30,169.42
2018-12-03,172.28
2018-12-04,165.81
2018-12-05,165.72
2018-12-06,166.79
2018-12-07,161.35
2018-12-10,163.07
2018-12-11,163.6
2018-12-12,165.09
2018-12-13,165.13
2018-12-14,160.92
2018-12-17,157.41
2018-12-18,158.46
2018-12-19,154.77
2018-12-20,152.45
2018-12-21,147.63
2018-12-24,143.5
2018-12-26,152.44
2018-12-27,153.11
2018-12-28,153.0
2018-12-31,154.12
2019-01-02,154.87
2019-01-03,149.61
2019-01-04,156.37
2019-01-07,158.03
2019-01-08,159.59
2019-01-09,160.75
2019-01-10,161.23
2019-01-11,160.74
2019-01-14,159.3
2019-01-15,162.42
2019-01-16,162.34
2019-01-17,163.64
2019-01-18,165.2
2019-01-22,162.01
2019-01-23,162.18
2019-01-24,163.16
2019-01-25,165.19
2019-01-28,163.1
2019-01-29,161.52
2019-01-30,165.76
2019-01-31,168.28
2019-02-01,167.41
2019-02-04,169.5
2019-02-05,171.0
2019-02-06,170.47
2019-02-07,168.25
2019-02-08,168.51
2019-02-11,168.42
2019-02-12,170.88
2019-02-13,170.94
2019-02-14,171.15
2019-02-15,171.95
2019-02-19,172.23
2019-02-20,172.23
2019-02-21,171.55
2019-02-22,172.88
2019-02-25,173.45
2019-02-26,173.67
2019-02-27,173.58
2019-02-28,173.14
2019-03-01,174.4
2019-03-04,174.48
2019-03-05,174.56
2019-03-06,173.52
2019-03-07,171.42
2019-03-08,171.21
2019-03-11,174.75
2019-03-12,175.68
2019-03-13,177.01
2019-03-14,176.74
2019-03-15,178.24
2019-03-18,178.41
2019-03-19,179.05
2019-03-20,179.77
2019-03-21,182.54
2019-03-22,178.53
2019-03-25,178.24
2019-03-26,179.02
2019-03-27,178.01
2019-03-28,178.32
2019-03-29,179.74
2019-04-01,182.07
2019-04-02,182.73
2019-04-03,183.79
2019-04-04,183.71
2019-04-05,184.67
2019-04-08,185.17
2019-04-09,184.48
2019-04-10,185.48
2019-04-11,185.04
2019-04-12,185.84
2019-04-15,185.87
2019-04-16,186.54
2019-04-17,187.13
2019-04-18,187.37
2019-04-22,187.94
2019-04-23,190.3
2019-04-24,189.69
2019-04-25,190.43
2019-04-26,190.67
2019-04-29,190.98
2019-04-30,189.56
2019-05-01,188.8
2019-05-02,188.18
2019-05-03,191.11
2019-05-06,189.98
2019-05-07,186.19
2019-05-08,185.63
2019-05-09,184.85
2019-05-10,185.0
2019-05-13,178.58
2019-05-14,180.48
2019-05-15,183.03
2019-05-16,184.9
2019-05-17,183.03
2019-05-20,179.94
2019-05-21,181.79
2019-05-22,181.03
2019-05-23,178.32
2019-05-24,178.06
2019-05-28,177.47
2019-05-29,176.08
2019-05-30,176.8
2019-05-31,173.89
2019-06-03,170.2
2019-06-04,174.91
2019-06-05,176.22
2019-06-06,177.62
2019-06-07,181.01
2019-06-10,183.09
2019-06-11,183.39
2019-06-12,182.37
2019-06-13,183.45
2019-06-14,182.59
2019-06-17,183.72
2019-06-18,186.4
2019-06-19,187.12
2019-06-20,188.79
2019-06-21,188.62
2019-06-24,188.14
2019-06-25,184.93
2019-06-26,185.76
2019-06-27,186.5
2019-06-28,186.77
2019-07-01,189.23
2019-07-02,190.02
2019-07-03,191.44
2019-07-05,191.1
2019-07-08,189.72
2019-07-09,190.69
2019-07-10,192.55
2019-07-11,192.41
2019-07-12,193.52
2019-07-15,194.1
2019-07-16,193.13
2019-07-17,192.19
2019-07-18,192.53
2019-07-19,190.91
2019-07-22,192.59
2019-07-23,193.79
2019-07-24,195.15
2019-07-25,193.29
2019-07-26,195.27
2019-07-29,194.64
2019-07-30,193.79
2019-07-31,191.22
2019-08-01,190.08
2019-08-02,187.45
2019-08-05,180.67
2019-08-06,183.28
2019-08-07,184.06
2019-08-08,188.3
2019-08-09,186.45
2019-08-12,184.35
2019-08-13,188.44
2019-08-14,182.72
2019-08-15,182.57
2019-08-16,185.47
2019-08-19,188.29
2019-08-20,186.99
2019-08-21,188.64
2019-08-22,188.05
2019-08-23,182.17
2019-08-26,184.85
2019-08-27,184.52
2019-08-28,185.11
2019-08-29,187.93
2019-08-30,187.54
2019-09-03,185.67
2019-09-04,188.34
2019-09-05,191.83
2019-09-06,191.59
2019-09-09,191.15
2019-09-10,190.73
2019-09-11,192.45
2019-09-12,193.2
2019-09-13,192.58
2019-09-16,191.64
2019-09-17,192.52
2019-09-18,192.53
2019-09-19,192.83
2019-09-20,190.8
2019-09-23,190.49
2019-09-24,187.93
2019-09-25,190.07
2019-09-26,189.39
2019-09-27,187.14
2019-09-30,188.74
2019-10-01,187.22
2019-10-02,184.0
2019-10-03,186.13
2019-10-04,188.89
2019-10-07,188.19
2019-10-08,185.3
2019-10-09,187.34
2019-10-10,188.7
2019-10-11,191.0
2019-10-14,191.1
2019-10-15,193.52
2019-10-16,193.03
2019-10-17,193.54
2019-10-18,191.68
2019-10-21,193.42
2019-10-22,191.87
2019-10-23,192.22
2019-10-24,194.09
2019-10-25,195.59
2019-10-28,197.6
2019-10-29,196.09
2019-10-30,196.95
2019-10-31,197.04
2019-11-01,198.87
2019-11-04,200.07
2019-11-05,200.11
2019-11-06,199.74
2019-11-07,200.43
2019-11-08,201.25
2019-11-11,200.96
2019-11-12,201.51
2019-11-13,201.37
2019-11-14,201.42
2019-11-15,202.71
2019-11-18,203.08
2019-11-19,203.36
2019-11-20,202.11
2019-11-21,201.68
2019-11-22,201.82
2019-11-25,204.25
2019-11-26,204.58
2019-11-27,206.05
2019-11-29,205.1
2019-12-02,202.83
2019-12-03,201.4
2019-12-04,202.42
2019-12-05,202.79
2019-12-06,204.91
2019-12-09,204.04
2019-12-10,203.91
2019-12-11,205.02
2019-12-12,206.58
2019-12-13,207.18
2019-12-16,209.17
2019-12-17,209.28
2019-12-18,209.43
2019-12-19,210.88
2019-12-20,211.77
2019-12-23,211.75
2019-12-24,211.92
2019-12-26,213.79
2019-12-27,213.6
2019-12-30,212.17
2019-12-31,212.6
2020-01-02,216.14
2020-01-03,214.18
2020-01-06,215.53
2020-01-07,215.51
2020-01-08,217.11
2020-01-09,219.01
2020-01-10,218.45
2020-01-13,220.96
2020-01-14,220.1
2020-01-15,220.17
2020-01-16,222.3
2020-01-17,223.38
2020-01-21,223.34
2020-01-22,223.86
2020-01-23,224.53
2020-01-24,222.68
2020-01-27,218.05
2020-01-28,221.45
2020-01-29,221.72
2020-01-30,222.59
2020-01-31,218.97
2020-02-03,222.3
2020-02-04,227.42
2020-02-05,228.27
2020-02-06,230.17
2020-02-07,229.16
2020-02-10,231.96
2020-02-11,231.98
2020-02-12,234.29
2020-02-13,233.93
2020-02-14,234.57
2020-02-18,234.74
2020-02-19,236.99
2020-02-20,234.73
2020-02-21,230.32
2020-02-24,221.39
2020-02-25,215.47
2020-02-26,216.4
2020-02-27,205.61
2020-02-28,206.75
2020-03-02,216.5
2020-03-03,209.55
2020-03-04,218.17
2020-03-05,211.58
2020-03-06,208.1
2020-03-09,193.72
2020-03-10,204.17
2020-03-11,195.31
2020-03-12,177.14
2020-03-13,194.03
2020-03-16,169.62
2020-03-17,181.95
2020-03-18,176.47
2020-03-19,177.77
2020-03-20,170.57
2020-03-23,170.69
2020-03-24,183.81
2020-03-25,182.12
2020-03-26,192.18
2020-03-27,184.94
2020-03-30,192.11
2020-03-31,190.41
2020-04-01,182.39
2020-04-02,186.06
2020-04-03,183.49
2020-04-06,196.56
2020-04-07,196.19
2020-04-08,200.48
2020-04-09,200.81
2020-04-13,203.03
2020-04-14,211.87
2020-04-15,209.44
2020-04-16,213.29
2020-04-17,215.2
2020-04-20,212.62
2020-04-21,204.74
2020-04-22,211.07
2020-04-23,210.55
2020-04-24,214.05
2020-04-27,215.32
2020-04-28,211.58
2020-04-29,218.74
2020-04-30,219.06
2020-05-01,212.62
2020-05-04,215.22
2020-05-05,217.63
2020-05-06,218.96
2020-05-07,221.89
2020-05-08,224.79
2020-05-11,226.65
2020-05-12,222.11
2020-05-13,219.45
2020-05-14,221.83
2020-05-15,223.28
2020-05-18,227.49
2020-05-19,226.74
2020-05-20,231.38
2020-05-21,228.83
2020-05-22,229.6
2020-05-26,229.15
2020-05-27,230.28
2020-05-28,229.81
2020-05-29,233.11
2020-06-01,234.18
2020-06-02,235.67
2020-06-03,236.68
2020-06-04,234.99
2020-06-05,239.55
2020-06-08,241.59
2020-06-09,243.2
2020-06-10,246.19
2020-06-11,234.05
2020-06-12,235.71
2020-06-15,238.69
2020-06-16,242.87
2020-06-17,243.56
2020-06-19,244.19
2020-06-22,246.78
2020-06-23,248.73
2020-06-24,243.76
2020-06-25,246.05
2020-06-26,240.23
2020-06-29,242.71
2020-06-30,247.25
2020-07-01,250.42
2020-07-02,252.17
2020-07-06,258.37
2020-07-07,256.59
2020-07-08,259.96
2020-07-09,262.06
2020-07-10,264.04
2020-07-13,258.47
2020-07-14,260.44
2020-07-15,260.8
2020-07-16,258.97
2020-07-17,259.38
2020-07-20,266.8
2020-07-21,264.06
2020-07-22,264.93
2020-07-23,257.97
2020-07-24,255.49
2020-07-27,260.11
2020-07-28,256.78
2020-07-29,259.83
2020-07-30,261.18
2020-07-31,265.78
2020-08-03,269.31
2020-08-04,270.39
2020-08-05,271.12
2020-08-06,274.58
2020-08-07,271.49
2020-08-10,270.28
2020-08-11,265.28
2020-08-12,271.89
2020-08-13,272.47
2020-08-14,272.2
2020-08-17,275.31
2020-08-18,277.98
2020-08-19,276.14
2020-08-20,279.88
2020-08-21,281.85
2020-08-24,283.62
2020-08-25,285.81
2020-08-26,291.91
2020-08-27,291.0
2020-08-28,292.52
2020-08-31,295.27
2020-09-01,299.89
2020-09-02,302.73
2020-09-03,287.23
2020-09-04,283.5
2020-09-08,270.02
2020-09-09,277.83
2020-09-10,272.06
2020-09-11,270.45
2020-09-14,275.08
2020-09-15,279.04
2020-09-16,274.44
2020-09-17,270.37
2020-09-18,266.69
2020-09-21,267.54
2020-09-22,272.45
2020-09-23,264.08
2020-09-24,265.42
2020-09-25,271.64
2020-09-28,276.96
2020-09-29,275.86
2020-09-30,278.0
2020-10-01,282.25
2020-10-02,274.34
2020-10-05,280.28
2020-10-06,275.15
2020-10-07,280.1
2020-10-08,281.48
2020-10-09,285.73
2020-10-12,294.54
2020-10-13,294.46
2020-10-14,292.07
2020-10-15,290.02
2020-10-16,288.42
2020-10-19,283.71
2020-10-20,284.49
2020-10-21,284.19
2020-10-22,284.23
2020-10-23,284.89
2020-10-26,280.45
2020-10-27,282.6
2020-10-28,271.76
2020-10-29,276.39
2020-10-30,269.73
2020-11-02,269.99
2020-11-03,274.66
2020-11-04,286.86
2020-11-05,294.24
2020-11-06,294.62
2020-11-09,288.36
2020-11-10,283.55
2020-11-11,289.85
2020-11-12,288.4
2020-11-13,291.03
2020-11-16,293.03
2020-11-17,292.1
2020-11-18,290.09
2020-11-19,292.35
2020-11-20,290.36
2020-11-23,290.32
2020-11-24,294.52
2020-11-25,296.42
2020-11-30,299.55
2020-12-01,303.58
2020-12-02,303.83
2020-12-03,304.17
2020-12-04,305.61
2020-12-07,307.27
2020-12-08,308.22
2020-12-09,301.47
2020-12-10,302.52
2020-12-11,301.83
2020-12-14,303.79
2020-12-15,307.27
2020-12-16,308.98
2020-12-17,310.96
2020-12-18,310.01
2020-12-21,309.0
2020-12-22,309.75
2020-12-23,308.17
2020-12-28,312.67
2020-12-29,312.9
2020-12-30,312.92
2020-12-31,313.78
2021-01-04,309.42
2021-01-05,311.75
2021-01-06,307.49
2021-01-07,315.01
2021-01-08,319.11
2021-01-11,314.34
2021-01-12,313.98
2021-01-13,316.0
2021-01-14,314.25
2021-01-15,311.86
2021-01-19,316.44
2021-01-20,323.76
2021-01-21,326.51
2021-01-22,325.43
2021-01-25,328.36
2021-01-26,328.6
2021-01-27,319.56
2021-01-28,321.47
2021-01-29,314.68
2021-02-01,322.52
2021-02-02,327.75
2021-02-03,326.34
2021-02-04,330.32
2021-02-05,331.41
2021-02-08,333.58
2021-02-09,333.51
2021-02-10,332.73
2021-02-11,334.58
2021-02-12,336.45
2021-02-16,335.5
2021-02-17,333.97
2021-02-18,332.44
2021-02-19,331.04
2021-02-22,322.44
2021-02-23,321.52
2021-02-24,324.09
2021-02-25,312.7
2021-02-26,314.51
2021-03-01,323.59
2021-03-02,318.35
2021-03-03,309.21
2021-03-04,304.06
2021-03-05,308.79
2021-03-08,299.73
2021-03-09,311.8
2021-03-10,310.92
2021-03-11,318.08
2021-03-12,315.47
2021-03-15,318.83
2021-03-16,320.6
2021-03-17,322.0
2021-03-18,311.93
2021-03-19,313.48
2021-03-22,318.68
2021-03-23,317.06
2021-03-24,311.78
2021-03-25,311.27
2021-03-26,315.97
2021-03-29,315.84
2021-03-30,314.35
2021-03-31,318.98
2021-04-01,324.55
2021-04-05,331.09
2021-04-06,330.75
2021-04-07,331.64
2021-04-08,335.14
2021-04-09,337.12
2021-04-12,336.68
2021-04-13,340.63
2021-04-14,336.45
2021-04-15,341.62
2021-04-16,342.02
2021-04-19,338.89
2021-04-20,336.31
2021-04-21,339.3
2021-04-22,335.19
2021-04-23,339.44
2021-04-26,341.65
2021-04-27,340.0
2021-04-28,338.75
2021-04-29,340.21
2021-04-30,337.78
2021-05-03,336.13
2021-05-04,330.15
2021-05-05,329.01
2021-05-06,331.48
2021-05-07,334.11
2021-05-10,325.64
2021-05-11,325.31
2021-05-12,316.93
2021-05-13,319.34
2021-05-14,326.32
2021-05-17,324.44
2021-05-18,322.15
2021-05-19,322.74
2021-05-20,328.75
2021-05-21,326.96
2021-05-24,332.53
2021-05-25,332.99
2021-05-26,334.07
2021-05-27,332.9
2021-05-28,333.85
2021-06-01,332.8
2021-06-02,333.44
2021-06-03,329.87
2021-06-04,335.7
2021-06-07,336.53
2021-06-08,336.64
2021-06-09,336.86
2021-06-10,340.37
2021-06-11,341.19
2021-06-14,344.5
2021-06-15,342.15
2021-06-16,340.91
2021-06-17,345.23
2021-06-18,342.53
2021-06-21,344.27
2021-06-22,347.53
2021-06-23,347.66
2021-06-24,349.86
2021-06-25,349.48
2021-06-28,353.65
2021-06-29,354.96
2021-06-30,354.46
2021-07-01,354.61
2021-07-02,358.62
2021-07-06,360.13
2021-07-07,360.91
2021-07-08,358.79
2021-07-09,361.0
2021-07-12,362.42
2021-07-13,362.41
2021-07-14,363.1
2021-07-15,360.4
2021-07-16,357.59
2021-07-19,354.7
2021-07-20,358.78
2021-07-21,361.44
2021-07-22,363.96
2021-07-23,368.07
2021-07-26,368.47
2021-07-27,364.46
2021-07-28,365.84
2021-07-29,366.49
2021-07-30,364.61
2021-08-02,364.5
2021-08-03,366.84
2021-08-04,367.34
2021-08-05,369.74
2021-08-06,368.05
2021-08-09,368.7
2021-08-10,366.85
2021-08-11,366.23
2021-08-12,367.58
2021-08-13,368.83
2021-08-16,368.97
2021-08-17,365.67
2021-08-18,362.19
2021-08-19,364.0
2021-08-20,367.76
2021-08-23,373.25
2021-08-24,374.39
2021-08-25,374.59
2021-08-26,372.4
2021-08-27,376.14
2021-08-30,380.32
2021-08-31,379.89
2021-09-01,380.58
2021-09-02,380.42
2021-09-03,381.59
2021-09-07,382.11
2021-09-08,380.86
2021-09-09,379.36
2021-09-10,376.5
2021-09-13,376.36
2021-09-14,375.17
2021-09-15,378.05
2021-09-16,378.34
2021-09-17,373.86
2021-09-20,365.78
2021-09-21,366.03
2021-09-22,369.59
2021-09-23,372.87
2021-09-24,373.3
2021-09-27,370.39
2021-09-28,359.89
2021-09-29,359.32
2021-09-30,357.61
2021-10-01,360.06
2021-10-04,352.69
2021-10-05,357.33
2021-10-06,359.67
2021-10-07,362.88
2021-10-08,361.1
2021-10-11,358.39
2021-10-12,357.17
2021-10-13,360.0
2021-10-14,366.59
2021-10-15,368.99
2021-10-18,372.65
2021-10-19,375.45
2021-10-20,374.98
2021-10-21,377.28
2021-10-22,374.03
2021-10-25,377.94
2021-10-26,378.91
2021-10-27,379.97
2021-10-28,384.2
2021-10-29,386.11
2021-11-01,387.37
2021-11-02,389.11
2021-11-03,393.18
2021-11-04,398.24
2021-11-05,398.54
2021-11-08,398.03
2021-11-09,395.28
2021-11-10,389.52
2021-11-11,390.62
2021-11-12,394.72
2021-11-15,394.69
2021-11-16,397.43
2021-11-17,397.66
2021-11-18,401.75
2021-11-19,403.97
2021-11-22,399.31
2021-11-23,397.56
2021-11-24,398.88
2021-11-26,391.2
2021-11-29,399.58
2021-11-30,393.79
2021-12-01,387.0
2021-12-02,389.97
2021-12-03,383.27
2021-12-06,386.32
2021-12-07,397.87
2021-12-08,399.64
2021-12-09,393.78
2021-12-10,397.99
2021-12-13,392.26
2021-12-14,388.34
2021-12-15,396.88
2021-12-16,386.91
2021-12-17,384.96
2021-12-20,380.67
2021-12-21,389.22
2021-12-22,393.89
2021-12-23,396.99
2021-12-27,403.41
2021-12-28,401.71
2021-12-29,401.6
2021-12-30,400.31
2021-12-31,397.57
2022-01-03,401.74
2022-01-04,396.57
2022-01-05,384.27
2022-01-06,384.06
2022-01-07,379.79
2022-01-10,380.34
2022-01-11,385.83
2022-01-12,387.38
2022-01-13,377.88
2022-01-14,380.11
2022-01-17,380.01
2022-01-18,370.87
2022-01-19,366.49
2022-01-20,361.55
2022-01-21,351.47
2022-01-24,353.6
2022-01-25,345.03
2022-01-26,344.74
2022-01-27,341.02
2022-01-28,351.89
2022-01-31,363.18
2022-02-01,365.49
2022-02-02,368.47
2022-02-03,353.58
2022-02-04,357.94
2022-02-07,355.23
2022-02-08,359.19
2022-02-09,366.67
2022-02-10,358.42
2022-02-11,347.16
2022-02-14,347.63
2022-02-15,356.16
2022-02-16,356.03
2022-02-17,345.53
2022-02-18,341.58
2022-02-21,341.51
2022-02-22,338.1
2022-02-23,329.4
2022-02-24,340.57
2022-02-25,345.84
2022-02-28,347.05
2022-03-01,341.57
2022-03-02,347.11
2022-03-03,342.24
2022-03-04,337.31
2022-03-07,324.91
2022-03-08,323.35
2022-03-09,335.01
2022-03-10,331.43
2022-03-11,324.38
2022-03-14,318.21
2022-03-15,328.23
2022-03-16,340.42
2022-03-17,344.32
2022-03-18,351.37
2022-03-21,350.07
2022-03-22,356.93
2022-03-23,351.83
2022-03-24,359.63
2022-03-25,359.28
2022-03-28,364.95
2022-03-29,371.16
2022-03-30,367.15
2022-03-31,362.01
2022-04-01,361.89
2022-04-04,369.22
2022-04-05,361.17
2022-04-06,353.18
2022-04-07,354.12
2022-04-08,349.11
2022-04-11,340.98
2022-04-12,339.57
2022-04-13,346.35
2022-04-14,338.49
2022-04-15,338.43
2022-04-18,338.93
2022-04-19,346.13
2022-04-20,341.05
2022-04-21,334.24
2022-04-22,325.46
2022-04-25,329.58
2022-04-26,316.95
2022-04-27,316.71
2022-04-28,327.93
2022-04-29,313.15
2022-05-02,318.47
2022-05-03,318.9
2022-05-04,329.75
2022-05-05,313.58
2022-05-06,309.39
2022-05-09,297.24
2022-05-10,300.86
2022-05-12,291.21
2022-05-13,301.85
2022-05-16,298.53
2022-05-17,306.29
2022-05-18,291.1
2022-05-19,289.59
2022-05-20,288.59
2022-05-23,293.45
2022-05-24,287.24
2022-05-25,291.3
2022-05-26,299.3
2022-05-27,309.18
2022-05-30,309.1
2022-05-31,308.17
2022-06-01,306.01
2022-06-02,314.41
2022-06-03,306.03
2022-06-06,307.23
2022-06-07,309.94
2022-06-08,307.71
2022-06-09,299.25
2022-06-10,288.75
2022-06-13,275.49
2022-06-14,275.97
2022-06-15,282.9
2022-06-16,271.68
2022-06-20,274.69
2022-06-21,281.16
2022-06-22,280.67
2022-06-23,284.86
2022-06-27,292.5
2022-06-28,283.51
2022-06-29,283.93
2022-06-30,280.33
2022-07-01,282.11
2022-07-04,282.13
2022-07-05,287.05
2022-07-06,288.76
2022-07-07,294.95
2022-07-08,295.39
2022-07-11,288.98
2022-07-12,286.22
2022-07-13,285.67
2022-07-14,286.7
2022-07-15,291.83
2022-07-18,289.39
2022-07-19,298.25
2022-07-20,302.99
2022-07-21,307.43
2022-07-22,301.98
2022-07-25,300.35
2022-07-26,294.31
2022-07-27,306.81
2022-07-28,309.82
2022-07-29,315.49
2022-08-01,315.28
2022-08-02,314.3
2022-08-03,322.83
2022-08-04,324.28
2022-08-05,321.82
2022-08-08,320.72
2022-08-09,317.04
2022-08-10,325.93
2022-08-11,324.11
2022-08-12,330.5
2022-08-15,333.09
2022-08-16,332.31
2022-08-17,328.47
2022-08-18,329.28
2022-08-19,322.9
2022-08-22,314.42
2022-08-23,314.08
2022-08-24,315.07
2022-08-25,320.53
2022-08-26,307.44
2022-08-29,304.43
2022-08-30,300.99
2022-08-31,299.26
2022-09-01,299.43
2022-09-02,295.22
2022-09-05,295.17
2022-09-06,293.04
2022-09-07,298.98
2022-09-08,300.51
2022-09-09,307.04
2022-09-12,310.71
2022-09-13,293.57
2022-09-14,296.02
2022-09-15,291.06
2022-09-16,289.21
2022-09-19,291.09
2022-09-20,288.67
2022-09-21,283.44
2022-09-22,280.08
2022-09-23,275.54
2022-09-26,274.19
2022-09-27,274.53
2022-09-28,279.85
2022-09-29,272.04
2022-09-30,267.27
